Time,X,Y,Z,Yaw,FDHeight
10:28:28.395,0.000000,0.000000,0.000000,0,0.0
10:28:28.445,0.000000,0.000000,0.000000,0,0.0
10:28:28.496,0.000000,0.000000,0.000000,0,0.0
10:28:28.547,0.000000,0.000000,-0.005142,0,0.0
10:28:28.597,0.000000,0.000000,-0.005142,0,0.0
10:28:28.648,0.000000,0.000000,-0.005142,0,0.0
10:28:28.698,0.011935,0.000000,-0.005141,0,0.0
10:28:28.748,0.011935,0.000000,-0.005141,0,0.0
10:28:28.799,0.011935,0.000000,-0.005141,0,0.0
10:28:28.849,0.011935,0.000000,-0.005141,0,0.0
10:28:28.899,0.011935,0.016003,-0.005141,0,0.0
10:28:28.950,0.011935,0.016003,-0.005141,0,0.0
10:28:29.000,0.011935,0.016003,-0.005141,0,0.0
10:28:29.050,0.011935,0.016003,-0.005141,0,0.0
10:28:29.100,0.011935,0.016003,-0.005141,0,0.0
10:28:29.151,0.011935,0.016003,-0.005141,0,0.0
10:28:29.201,0.011935,0.016003,-0.005141,0,0.0
10:28:29.252,0.011935,0.016003,-0.005141,0,0.0
10:28:29.302,0.011935,0.016003,-0.005141,0,0.0
10:28:29.353,0.011936,0.016003,-0.005141,0,0.0
10:28:29.403,0.011936,0.016003,-0.005141,0,0.0
10:28:29.454,0.011936,0.016003,-0.005141,0,0.0
10:28:29.504,0.011936,0.016004,-0.005141,0,0.0
10:28:29.554,0.011936,0.016004,-0.005141,0,0.0
10:28:29.605,0.011936,0.016004,-0.005141,0,0.0
10:28:29.655,0.011936,0.016004,-0.005141,0,0.0
10:28:29.705,0.011936,0.016004,-0.005141,0,0.0
10:28:29.756,0.011936,0.016004,-0.005141,0,0.0
10:28:29.806,0.011936,0.016004,-0.005141,0,0.0
10:28:29.856,0.011936,0.016004,-0.005141,0,0.0
10:28:29.907,0.011936,0.016004,-0.005141,0,0.0
10:28:29.957,0.011936,0.016004,-0.005141,0,0.0
10:28:30.008,0.011936,0.016004,-0.005141,0,0.0
10:28:30.058,0.011936,0.016004,-0.005141,0,0.0
10:28:30.109,0.011936,0.016004,-0.005141,0,0.0
10:28:30.159,0.011936,0.016004,-0.005141,0,0.0
10:28:30.209,0.011936,0.016004,-0.005141,0,0.0
10:28:30.259,0.011936,0.016004,-0.005141,0,0.0
10:28:30.310,0.011936,0.016004,-0.005141,0,0.0
10:28:30.360,0.011933,0.016004,-0.005141,0,0.0
10:28:30.411,0.011933,0.016004,-0.005141,0,0.0
10:28:30.461,0.011933,0.016004,-0.005141,0,0.0
10:28:30.512,0.011933,0.016004,-0.005141,0,0.0
10:28:30.562,0.011933,0.016006,-0.005138,0,0.0
10:28:30.613,0.011933,0.016006,-0.005138,0,0.0
10:28:30.663,0.011933,0.016006,-0.005138,0,0.0
10:28:30.714,0.011933,0.016006,-0.005138,0,0.0
10:28:30.764,0.011933,0.016007,-0.005140,0,0.0
10:28:30.815,0.011933,0.016007,-0.005140,0,0.0
10:28:30.865,0.011933,0.016007,-0.005140,0,0.0
10:28:30.915,0.011933,0.016007,-0.005140,0,0.0
10:28:30.965,0.011933,0.016007,-0.005140,0,0.0
10:28:31.016,0.011933,0.016007,-0.005140,0,0.0
10:28:31.066,0.011933,0.016007,-0.005140,0,0.0
10:28:31.117,0.011933,0.016007,-0.005140,0,0.0
10:28:31.167,0.011933,0.016005,-0.005140,0,0.0
10:28:31.217,0.011933,0.016005,-0.005140,0,0.0
10:28:31.268,0.011933,0.016005,-0.005140,0,0.0
10:28:31.318,0.011897,0.016005,-0.005140,0,0.0
10:28:31.368,0.011897,0.016005,-0.005140,0,0.0
10:28:31.419,0.011897,0.016005,-0.005140,0,0.0
10:28:31.469,0.011897,0.016005,-0.005140,0,0.0
10:28:31.520,0.011897,0.016005,-0.005134,0,0.0
10:28:31.570,0.011897,0.016005,-0.005134,0,0.0
10:28:31.621,0.011897,0.016005,-0.005134,0,0.0
10:28:31.671,0.011897,0.016005,-0.005134,0,0.0
10:28:31.721,0.011886,0.016005,-0.005134,0,0.0
10:28:31.771,0.011886,0.016005,-0.005134,0,0.0
10:28:31.822,0.011886,0.016005,-0.005134,0,0.0
10:28:31.873,0.011886,0.016005,-0.005134,0,0.0
10:28:31.923,0.011943,0.016003,-0.005134,0,0.0
10:28:31.974,0.011943,0.016003,-0.005134,1,0.0
10:28:32.025,0.011943,0.016003,-0.005134,1,0.0
10:28:32.075,0.011943,0.016003,-0.005134,2,0.0
10:28:32.126,0.012868,0.016003,-0.004413,2,0.0
10:28:32.176,0.012868,0.016003,-0.004413,3,0.0
10:28:32.227,0.012868,0.016003,-0.004413,3,0.0
10:28:32.277,0.012868,0.016003,-0.004413,3,0.0
10:28:32.328,0.012718,0.016003,-0.004413,3,0.1
10:28:32.378,0.012718,0.016003,-0.004413,3,0.1
10:28:32.428,0.012718,0.016003,-0.004413,3,0.1
10:28:32.478,0.012718,0.016003,-0.004413,2,0.1
10:28:32.529,0.012664,0.015468,-0.005035,2,0.2
10:28:32.579,0.012664,0.015468,-0.005035,2,0.2
10:28:32.629,0.012664,0.015468,-0.005035,2,0.2
10:28:32.680,0.012664,0.015468,-0.005035,2,0.2
10:28:32.730,-1.392441,0.009599,-0.005035,2,0.3
10:28:32.781,-1.392441,0.009599,-0.005035,2,0.3
10:28:32.831,-1.392441,0.009599,-0.005035,2,0.4
10:28:32.882,-1.392441,0.009599,-0.005035,2,0.4
10:28:32.934,-1.390135,0.009599,-3.235950,2,0.4
10:28:32.984,-1.390135,0.009599,-3.235950,2,0.4
10:28:33.035,-1.390135,0.009599,-3.235950,2,0.5
10:28:33.085,-1.390135,0.009599,-3.235950,2,0.5
10:28:33.136,-1.390135,0.009599,-3.360242,2,0.6
10:28:33.186,-1.390135,0.009599,-3.360242,2,0.6
10:28:33.237,-1.390135,0.009599,-3.360242,2,0.6
10:28:33.287,-1.390135,0.009599,-3.360242,2,0.6
10:28:33.338,-1.390135,0.007522,-3.471310,2,0.7
10:28:33.388,-1.390135,0.007522,-3.471310,2,0.7
10:28:33.438,-1.390135,0.007522,-3.471310,2,0.8
10:28:33.488,-1.390135,0.007522,-3.471310,2,0.8
10:28:33.538,-1.390135,0.007522,-3.471310,2,0.8
10:28:33.588,-1.390135,0.007522,-3.575053,2,0.8
10:28:33.639,-1.390135,0.007522,-3.575053,2,0.8
10:28:33.690,-1.390135,0.007522,-3.575053,2,0.9
10:28:33.740,-1.388679,0.008156,-3.575053,2,0.9
10:28:33.790,-1.388679,0.008156,-3.575053,2,0.9
10:28:33.840,-1.388679,0.008156,-3.575053,2,0.9
10:28:33.892,-1.388679,0.008156,-3.575053,2,1.0
10:28:33.942,-1.388679,0.008156,-3.724324,2,1.0
10:28:33.993,-1.388679,0.008156,-3.724324,2,0.9
10:28:34.043,-1.388679,0.008156,-3.724324,2,1.0
10:28:34.094,-1.388679,0.008156,-3.724324,2,1.0
10:28:34.144,-1.395311,0.009015,-3.751010,2,1.0
10:28:34.194,-1.395311,0.009015,-3.751010,2,1.0
10:28:34.244,-1.395311,0.009015,-3.751010,2,1.0
10:28:34.296,-1.395311,0.009015,-3.751010,2,1.0
10:28:34.346,-1.399605,0.009015,-3.751010,2,1.0
10:28:34.396,-1.399605,0.009015,-3.751010,2,1.0
10:28:34.446,-1.399605,0.009015,-3.751010,2,1.0
10:28:34.497,-1.399605,0.009015,-3.751010,2,1.0
10:28:34.548,-1.403485,0.009002,-3.757891,2,1.0
10:28:34.598,-1.403485,0.009002,-3.757891,2,1.0
10:28:34.649,-1.403485,0.009002,-3.757891,2,1.0
10:28:34.700,-1.403485,0.009002,-3.757891,2,1.0
10:28:34.750,-1.406519,0.010437,-3.757891,2,1.0
10:28:34.800,-1.406519,0.010437,-3.757891,2,1.0
10:28:34.851,-1.406519,0.010437,-3.757891,2,1.0
10:28:34.901,-1.406519,0.010437,-3.757891,2,1.0
10:28:34.952,-1.406391,0.008584,-3.757891,2,1.0
10:28:35.002,-1.406391,0.008584,-3.757891,2,1.0
10:28:35.052,-1.406391,0.008584,-3.757891,2,1.0
10:28:35.102,-1.406391,0.008584,-3.757891,2,1.0
10:28:35.153,-1.406391,0.009229,-3.757891,2,1.0
10:28:35.203,-1.406391,0.009229,-3.757891,2,1.0
10:28:35.253,-1.406391,0.009229,-3.757891,2,1.0
10:28:35.304,-1.406391,0.009229,-3.757891,2,1.0
10:28:35.354,-1.401085,0.009229,-3.757891,2,0.9
10:28:35.405,-1.401085,0.009229,-3.757891,2,0.9
10:28:35.455,-1.401085,0.009229,-3.757891,2,0.9
10:28:35.505,-1.401085,0.009229,-3.757891,2,0.9
10:28:35.556,-1.401010,0.009229,-3.657645,2,0.9
10:28:35.606,-1.401010,0.009229,-3.657645,2,0.9
10:28:35.657,-1.401010,0.009229,-3.657645,2,0.9
10:28:35.707,-1.401010,0.009229,-3.657645,2,0.9
10:28:35.757,-1.399852,0.021953,-3.618343,2,0.9
10:28:35.808,-1.399852,0.021953,-3.618343,2,0.9
10:28:35.858,-1.399852,0.021953,-3.618343,2,0.8
10:28:35.908,-1.395016,0.031044,-3.578830,2,0.8
10:28:35.959,-1.395016,0.031044,-3.578830,2,0.8
10:28:36.010,-1.395016,0.031044,-3.578830,2,0.8
10:28:36.060,-1.395016,0.031044,-3.578830,2,0.8
10:28:36.110,-1.391480,0.031044,-3.578830,2,0.8
10:28:36.161,-1.391480,0.031044,-3.578830,2,0.8
10:28:36.211,-1.391480,0.031044,-3.578830,2,0.8
10:28:36.262,-1.391480,0.031044,-3.578830,2,0.8
10:28:36.312,-1.388196,0.031044,-3.578830,2,0.7
10:28:36.362,-1.388196,0.031044,-3.578830,2,0.7
10:28:36.413,-1.388196,0.031044,-3.578830,2,0.7
10:28:36.464,-1.388196,0.031044,-3.578830,2,0.7
10:28:36.514,-1.388196,0.036901,-3.578830,2,0.7
10:28:36.564,-1.388196,0.036901,-3.578830,2,0.7
10:28:36.614,-1.388196,0.036901,-3.578830,2,0.7
10:28:36.666,-1.388196,0.036901,-3.578830,2,0.7
10:28:36.716,-1.388196,0.039505,-3.407472,2,0.7
10:28:36.766,-1.388196,0.039505,-3.407472,2,0.7
10:28:36.816,-1.388196,0.039505,-3.407472,2,0.6
10:28:36.867,-1.388196,0.039505,-3.407472,2,0.6
10:28:36.917,-1.383195,0.043059,-3.407472,2,0.6
10:28:36.967,-1.383195,0.043059,-3.407472,2,0.6
10:28:37.018,-1.383195,0.043059,-3.407472,2,0.6
10:28:37.068,-1.383195,0.043059,-3.407472,2,0.6
10:28:37.119,-1.383195,0.043059,-3.407472,2,0.6
10:28:37.169,-1.379660,0.043059,-3.337930,2,0.6
10:28:37.219,-1.379660,0.043059,-3.337930,2,0.6
10:28:37.269,-1.379660,0.043059,-3.337930,2,0.6
10:28:37.320,-1.379660,0.043059,-3.337930,2,0.6
10:28:37.370,-1.379660,0.050407,-3.323972,2,0.6
10:28:37.420,-1.379660,0.050407,-3.323972,2,0.6
10:28:37.470,-1.379660,0.050407,-3.323972,2,0.6
10:28:37.521,-1.379660,0.050407,-3.323972,2,0.6
10:28:37.571,-1.373126,0.050407,-3.313422,2,0.6
10:28:37.622,-1.373126,0.050407,-3.313422,2,0.6
10:28:37.673,-1.373126,0.050407,-3.313422,2,0.6
10:28:37.724,-1.373126,0.050407,-3.313422,2,0.6
10:28:37.776,-1.373126,0.050407,-3.308169,2,0.6
10:28:37.827,-1.373126,0.050407,-3.308169,2,0.6
10:28:37.877,-1.373126,0.050407,-3.308169,2,0.6
10:28:37.930,-1.373126,0.050407,-3.308169,2,0.6
10:28:37.981,-1.370677,0.053125,-3.303850,2,0.6
10:28:38.031,-1.370677,0.053125,-3.303850,2,0.6
10:28:38.082,-1.370677,0.053125,-3.303850,2,0.6
10:28:38.133,-1.370677,0.052216,-3.303850,2,0.6
10:28:38.184,-1.370677,0.052216,-3.303850,2,0.6
10:28:38.234,-1.370677,0.052216,-3.303850,2,0.6
10:28:38.285,-1.370677,0.052216,-3.303850,2,0.6
10:28:38.335,-1.373757,0.052216,-3.303850,2,0.6
10:28:38.385,-1.373757,0.052216,-3.303850,2,0.6
10:28:38.436,-1.373757,0.052216,-3.303850,2,0.6
10:28:38.489,-1.373757,0.052216,-3.303850,2,0.6
10:28:38.539,-1.373757,0.052216,-3.303850,2,0.6
10:28:38.591,-1.373757,0.052216,-3.303850,2,0.6
10:28:38.641,-1.373757,0.052216,-3.303850,2,0.6
10:28:38.692,-1.373757,0.052216,-3.303850,2,0.6
10:28:38.744,-1.405586,0.048042,-3.303850,2,0.6
10:28:38.795,-1.405586,0.048042,-3.303850,2,0.6
10:28:38.846,-1.405586,0.048042,-3.303850,2,0.6
10:28:38.896,-1.405586,0.048042,-3.303850,2,0.6
10:28:38.947,-1.433111,0.049549,-3.303850,2,0.6
10:28:38.998,-1.433111,0.049549,-3.303850,2,0.6
10:28:39.049,-1.433111,0.049549,-3.303850,2,0.6
10:28:39.099,-1.433111,0.049549,-3.303850,2,0.6
10:28:39.150,-1.468107,0.056776,-3.303850,2,0.6
10:28:39.200,-1.468107,0.056776,-3.303850,2,0.6
10:28:39.250,-1.468107,0.056776,-3.303850,2,0.6
10:28:39.300,-1.468107,0.056776,-3.303850,2,0.6
10:28:39.350,-1.510379,0.056776,-3.303850,2,0.6
10:28:39.400,-1.510379,0.056776,-3.303850,2,0.6
10:28:39.451,-1.510379,0.056776,-3.303850,2,0.6
10:28:39.502,-1.510379,0.056776,-3.303850,2,0.6
10:28:39.553,-1.557448,0.084510,-3.311285,2,0.6
10:28:39.603,-1.557448,0.084510,-3.311285,2,0.6
10:28:39.654,-1.557448,0.084510,-3.311285,2,0.6
10:28:39.704,-1.557448,0.084510,-3.311285,2,0.6
10:28:39.754,-1.557448,0.084510,-3.312567,2,0.6
10:28:39.804,-1.557448,0.084510,-3.312567,2,0.6
10:28:39.854,-1.557448,0.084510,-3.312567,2,0.6
10:28:39.905,-1.557448,0.084510,-3.312567,2,0.6
10:28:39.955,-1.659913,0.084510,-3.312567,2,0.6
10:28:40.005,-1.659913,0.084510,-3.312567,2,0.6
10:28:40.055,-1.659913,0.084510,-3.312567,2,0.6
10:28:40.105,-1.659913,0.084510,-3.312567,2,0.6
10:28:40.155,-1.715301,0.084510,-3.319718,2,0.6
10:28:40.206,-1.715301,0.084510,-3.319718,2,0.6
10:28:40.256,-1.715301,0.084510,-3.319718,2,0.6
10:28:40.307,-1.715301,0.084510,-3.319718,2,0.6
10:28:40.358,-1.715301,0.084510,-3.322627,2,0.6
10:28:40.408,-1.715301,0.084510,-3.322627,2,0.6
10:28:40.459,-1.715301,0.084510,-3.322627,2,0.6
10:28:40.510,-1.715301,0.084510,-3.323267,2,0.6
10:28:40.561,-1.715301,0.084510,-3.323267,2,0.6
10:28:40.611,-1.715301,0.084510,-3.323267,2,0.6
10:28:40.661,-1.715301,0.084510,-3.323267,2,0.6
10:28:40.712,-1.715301,0.084510,-3.323267,2,0.6
10:28:40.762,-1.715301,0.084510,-3.323267,2,0.6
10:28:40.812,-1.715301,0.084510,-3.323267,2,0.6
10:28:40.863,-1.715301,0.084510,-3.323267,2,0.6
10:28:40.913,-1.943631,0.173941,-3.316877,2,0.6
10:28:40.964,-1.943631,0.173941,-3.316877,2,0.6
10:28:41.014,-1.943631,0.173941,-3.316877,2,0.6
10:28:41.064,-1.943631,0.173941,-3.316877,2,0.6
10:28:41.114,-2.000079,0.173941,-3.312983,2,0.6
10:28:41.165,-2.000079,0.173941,-3.312983,2,0.6
10:28:41.215,-2.000079,0.173941,-3.312983,2,0.6
10:28:41.266,-2.000079,0.173941,-3.312983,2,0.6
10:28:41.317,-2.059100,0.173941,-3.312983,2,0.6
10:28:41.367,-2.059100,0.173941,-3.312983,2,0.6
10:28:41.417,-2.059100,0.173941,-3.312983,2,0.6
10:28:41.468,-2.059100,0.173941,-3.312983,2,0.6
10:28:41.518,-2.059100,0.225005,-3.314593,2,0.6
10:28:41.568,-2.059100,0.225005,-3.314593,2,0.6
10:28:41.618,-2.059100,0.225005,-3.314593,2,0.6
10:28:41.669,-2.059100,0.225005,-3.314593,2,0.6
10:28:41.719,-2.201644,0.225005,-3.317607,2,0.6
10:28:41.770,-2.201644,0.225005,-3.317607,2,0.6
10:28:41.821,-2.201644,0.225005,-3.317607,2,0.6
10:28:41.871,-2.201644,0.225005,-3.317607,2,0.6
10:28:41.921,-2.273099,0.225005,-3.317607,2,0.6
10:28:41.971,-2.273099,0.225005,-3.317607,2,0.6
10:28:42.022,-2.273099,0.225005,-3.317607,2,0.6
10:28:42.072,-2.273099,0.225005,-3.317607,2,0.6
10:28:42.122,-2.273099,0.225005,-3.317607,2,0.6
10:28:42.173,-2.273099,0.280359,-3.317607,2,0.6
10:28:42.223,-2.273099,0.280359,-3.317607,2,0.6
10:28:42.273,-2.273099,0.280359,-3.317607,2,0.6
10:28:42.324,-2.273099,0.280359,-3.317607,2,0.6
10:28:42.374,-2.383394,0.280359,-3.317607,2,0.6
10:28:42.424,-2.383394,0.280359,-3.317607,2,0.6
10:28:42.474,-2.383394,0.280359,-3.317607,2,0.6
10:28:42.526,-2.383394,0.280359,-3.317607,2,0.6
10:28:42.576,-2.425524,0.280359,-3.317607,2,0.6
10:28:42.627,-2.425524,0.280359,-3.317607,2,0.6
10:28:42.677,-2.425524,0.280359,-3.317607,2,0.6
10:28:42.727,-2.425524,0.344395,-3.309142,2,0.6
10:28:42.778,-2.425524,0.344395,-3.309142,2,0.6
10:28:42.829,-2.425524,0.344395,-3.309142,2,0.6
10:28:42.879,-2.425524,0.344395,-3.309142,2,0.6
10:28:42.930,-2.455532,0.344395,-3.309142,2,0.6
10:28:42.980,-2.455532,0.344395,-3.309142,2,0.6
10:28:43.031,-2.455532,0.344395,-3.309142,2,0.6
10:28:43.081,-2.455532,0.344395,-3.309142,2,0.6
10:28:43.131,-2.455532,0.344395,-3.283602,2,0.6
10:28:43.182,-2.455532,0.344395,-3.283602,2,0.6
10:28:43.232,-2.455532,0.344395,-3.283602,2,0.6
10:28:43.283,-2.455532,0.344395,-3.283602,2,0.6
10:28:43.334,-2.413674,0.344395,-3.283602,2,0.5
10:28:43.385,-2.413674,0.344395,-3.283602,2,0.5
10:28:43.435,-2.413674,0.344395,-3.283602,2,0.5
10:28:43.486,-2.413674,0.344395,-3.283602,2,0.5
10:28:43.537,-2.413674,0.344395,-3.283602,2,0.5
10:28:43.588,-2.413674,0.344395,-3.283602,2,0.5
10:28:43.642,-2.413674,0.344395,-3.283602,2,0.5
10:28:43.695,-2.413674,0.344395,-3.283602,2,0.5
10:28:43.749,-2.413674,0.344395,-3.283602,2,0.5
10:28:43.799,-2.413674,0.344395,-3.283602,2,0.5
10:28:43.852,-2.413674,0.344395,-3.283602,2,0.5
10:28:43.904,-2.413674,0.344395,-3.283602,2,0.5
10:28:43.954,-2.413674,0.344395,-3.283602,2,0.5
10:28:44.006,-2.413674,0.344395,-3.283602,2,0.5
10:28:44.063,-2.413674,0.344395,-3.283602,2,0.5
10:28:44.114,-2.413674,0.344395,-3.283602,2,0.5
10:28:44.165,-2.413674,0.344395,-3.283602,2,0.5
10:28:44.215,-2.401289,0.419567,-3.284839,2,0.6
10:28:44.265,-2.401289,0.419567,-3.284839,2,0.6
10:28:44.316,-2.417523,0.419567,-3.284839,2,0.5
10:28:44.366,-2.417523,0.419567,-3.284839,2,0.5
10:28:44.416,-2.417523,0.419567,-3.284839,2,0.5
10:28:44.466,-2.417523,0.419567,-3.284839,2,0.5
10:28:44.516,-2.417523,0.419567,-3.284839,2,0.5
10:28:44.567,-2.430596,0.410798,-3.284839,2,0.5
10:28:44.617,-2.430596,0.410798,-3.284839,2,0.5
10:28:44.667,-2.430596,0.410798,-3.284839,2,0.5
10:28:44.717,-2.430596,0.410798,-3.284839,2,0.5
10:28:44.767,-2.430596,0.410798,-3.259155,2,0.5
10:28:44.818,-2.430596,0.410798,-3.259155,2,0.5
10:28:44.868,-2.430596,0.410798,-3.259155,2,0.5
10:28:44.919,-2.430596,0.410798,-3.259155,2,0.5
10:28:44.970,-2.430596,0.410798,-3.259155,2,0.5
10:28:45.021,-2.430596,0.410798,-3.259155,2,0.5
10:28:45.072,-2.430596,0.410798,-3.259155,2,0.5
10:28:45.123,-2.430596,0.410798,-3.259155,2,0.5
10:28:45.173,-2.463387,0.410798,-3.259155,2,0.5
10:28:45.224,-2.463387,0.410798,-3.259155,2,0.5
10:28:45.274,-2.463387,0.410798,-3.259155,2,0.5
10:28:45.325,-2.463387,0.410798,-3.259155,2,0.5
10:28:45.375,-2.464560,0.410798,-3.259155,2,0.5
10:28:45.426,-2.464560,0.410798,-3.259155,2,0.5
10:28:45.476,-2.464560,0.410798,-3.259155,2,0.5
10:28:45.527,-2.464560,0.410798,-3.256126,2,0.5
10:28:45.577,-2.464560,0.410798,-3.256126,2,0.5
10:28:45.627,-2.464560,0.410798,-3.256126,2,0.5
10:28:45.678,-2.464560,0.410798,-3.256126,2,0.5
10:28:45.729,-2.464560,0.278456,-3.256126,2,0.5
10:28:45.779,-2.464560,0.278456,-3.256126,2,0.5
10:28:45.829,-2.464560,0.278456,-3.256126,2,0.5
10:28:45.880,-2.464560,0.278456,-3.256126,2,0.5
10:28:45.931,-2.464560,0.245777,-3.256126,2,0.5
10:28:45.981,-2.464560,0.245777,-3.256126,2,0.5
10:28:46.031,-2.464560,0.245777,-3.256126,2,0.5
10:28:46.081,-2.464560,0.245777,-3.256126,2,0.5
10:28:46.131,-2.473019,0.208796,-3.256126,2,0.5
10:28:46.182,-2.473019,0.208796,-3.256126,2,0.5
10:28:46.232,-2.473019,0.208796,-3.256126,2,0.5
10:28:46.282,-2.473019,0.208796,-3.256126,2,0.5
10:28:46.332,-2.474843,0.208796,-3.256126,2,0.5
10:28:46.383,-2.474843,0.208796,-3.256126,2,0.5
10:28:46.433,-2.474843,0.208796,-3.256126,2,0.5
10:28:46.484,-2.474843,0.208796,-3.256126,2,0.5
10:28:46.534,-2.474826,0.139458,-3.256126,2,0.5
10:28:46.584,-2.474826,0.139458,-3.256126,2,0.5
10:28:46.634,-2.474826,0.139458,-3.256126,2,0.5
10:28:46.685,-2.474826,0.139458,-3.256126,2,0.5
10:28:46.735,-2.475958,0.106691,-3.256126,2,0.5
10:28:46.785,-2.475958,0.106691,-3.256126,2,0.5
10:28:46.835,-2.475958,0.106691,-3.256126,2,0.5
10:28:46.886,-2.475958,0.106691,-3.256126,2,0.5
10:28:46.936,-2.475958,0.073793,-3.277263,2,0.5
10:28:46.987,-2.475958,0.073793,-3.277263,2,0.5
10:28:47.037,-2.475958,0.073793,-3.277263,2,0.5
10:28:47.088,-2.475958,0.073793,-3.277263,2,0.5
10:28:47.138,-2.482904,0.048391,-3.285598,2,0.5
10:28:47.189,-2.482904,0.048391,-3.285598,2,0.5
10:28:47.240,-2.482904,0.048391,-3.285598,2,0.6
10:28:47.290,-2.482904,0.048391,-3.285598,2,0.6
10:28:47.340,-2.480033,0.048391,-3.294128,2,0.6
10:28:47.390,-2.480033,0.048391,-3.294128,2,0.6
10:28:47.441,-2.480033,0.048391,-3.294128,2,0.6
10:28:47.491,-2.480033,0.048391,-3.294128,2,0.6
10:28:47.542,-2.479821,-0.002178,-3.294128,2,0.6
10:28:47.593,-2.479821,-0.002178,-3.294128,2,0.6
10:28:47.643,-2.479821,-0.002178,-3.294128,2,0.6
10:28:47.694,-2.479821,-0.002178,-3.294128,2,0.6
10:28:47.745,-2.481885,-0.037119,-3.294128,2,0.6
10:28:47.796,-2.481885,-0.037119,-3.294128,2,0.6
10:28:47.846,-2.481885,-0.037119,-3.294128,2,0.6
10:28:47.897,-2.486751,-0.037119,-3.294128,2,0.6
10:28:47.948,-2.486751,-0.037119,-3.294128,2,0.6
10:28:47.998,-2.486751,-0.037119,-3.294128,2,0.6
10:28:48.048,-2.486751,-0.037119,-3.294128,2,0.6
10:28:48.098,-2.490576,-0.118114,-3.294128,2,0.6
10:28:48.149,-2.490576,-0.118114,-3.294128,2,0.6
10:28:48.199,-2.490576,-0.118114,-3.294128,2,0.6
10:28:48.250,-2.490576,-0.118114,-3.294128,2,0.6
10:28:48.300,-2.491030,-0.118114,-3.294128,2,0.6
10:28:48.351,-2.491030,-0.118114,-3.294128,2,0.6
10:28:48.401,-2.491030,-0.118114,-3.294128,2,0.6
10:28:48.452,-2.491030,-0.118114,-3.294128,2,0.6
10:28:48.502,-2.491030,-0.118114,-3.294128,2,0.6
10:28:48.553,-2.491328,-0.205948,-3.294128,2,0.6
10:28:48.603,-2.491328,-0.205948,-3.294128,2,0.6
10:28:48.653,-2.491328,-0.205948,-3.294128,2,0.6
10:28:48.703,-2.491328,-0.205948,-3.294128,2,0.6
10:28:48.753,-2.487374,-0.241660,-3.294128,2,0.6
10:28:48.803,-2.487374,-0.241660,-3.294128,2,0.6
10:28:48.853,-2.487374,-0.241660,-3.294128,2,0.6
10:28:48.904,-2.487374,-0.241660,-3.294128,2,0.6
10:28:48.955,-2.481729,-0.241660,-3.294128,2,0.6
10:28:49.005,-2.481729,-0.241660,-3.294128,2,0.6
10:28:49.055,-2.481729,-0.241660,-3.294128,2,0.6
10:28:49.106,-2.481729,-0.241660,-3.294128,2,0.6
10:28:49.156,-2.479145,-0.241660,-3.294128,2,0.6
10:28:49.207,-2.479145,-0.241660,-3.294128,2,0.6
10:28:49.257,-2.479145,-0.241660,-3.294128,2,0.6
10:28:49.307,-2.479145,-0.241660,-3.294128,2,0.6
10:28:49.357,-2.477662,-0.360845,-3.294128,2,0.6
10:28:49.408,-2.477662,-0.360845,-3.294128,2,0.6
10:28:49.458,-2.477662,-0.360845,-3.294128,2,0.6
10:28:49.508,-2.477662,-0.360845,-3.294128,2,0.6
10:28:49.558,-2.477662,-0.397878,-3.294128,2,0.6
10:28:49.609,-2.477662,-0.397878,-3.294128,2,0.6
10:28:49.659,-2.477662,-0.397878,-3.294128,2,0.6
10:28:49.709,-2.477662,-0.397878,-3.294128,2,0.6
10:28:49.760,-2.477662,-0.397878,-3.332316,2,0.6
10:28:49.811,-2.477662,-0.397878,-3.332316,2,0.6
10:28:49.861,-2.477662,-0.397878,-3.332316,2,0.6
10:28:49.913,-2.477662,-0.397878,-3.332316,2,0.6
10:28:49.963,-2.481069,-0.397878,-3.332316,2,0.6
10:28:50.013,-2.481069,-0.397878,-3.332316,2,0.6
10:28:50.063,-2.481069,-0.397878,-3.332316,2,0.6
10:28:50.114,-2.481069,-0.397878,-3.332316,2,0.6
10:28:50.165,-2.481069,-0.448594,-3.322371,2,0.6
10:28:50.216,-2.481069,-0.448594,-3.322371,2,0.6
10:28:50.266,-2.481069,-0.448594,-3.322371,2,0.6
10:28:50.318,-2.483668,-0.448594,-3.322371,2,0.6
10:28:50.368,-2.483668,-0.448594,-3.322371,2,0.6
10:28:50.419,-2.483668,-0.448594,-3.322371,2,0.6
10:28:50.469,-2.483668,-0.448594,-3.322371,2,0.6
10:28:50.520,-2.485956,-0.427420,-3.312932,2,0.6
10:28:50.570,-2.485956,-0.427420,-3.312932,2,0.6
10:28:50.621,-2.485956,-0.427420,-3.312932,2,0.6
10:28:50.672,-2.485956,-0.427420,-3.312932,2,0.6
10:28:50.722,-2.485956,-0.408151,-3.303410,2,0.6
10:28:50.772,-2.485956,-0.408151,-3.303410,2,0.6
10:28:50.823,-2.485956,-0.408151,-3.303410,2,0.6
10:28:50.873,-2.485956,-0.408151,-3.303410,2,0.6
10:28:50.923,-2.485956,-0.392937,-3.303410,2,0.5
10:28:50.974,-2.485956,-0.392937,-3.303410,2,0.5
10:28:51.024,-2.485956,-0.392937,-3.303410,2,0.5
10:28:51.074,-2.485956,-0.392937,-3.303410,2,0.5
10:28:51.125,-2.487506,-0.380986,-3.232682,2,0.5
10:28:51.175,-2.487506,-0.380986,-3.232682,2,0.5
10:28:51.225,-2.487506,-0.380986,-3.232682,2,0.5
10:28:51.276,-2.487506,-0.380986,-3.232682,2,0.5
10:28:51.326,-2.487506,-0.380986,-3.232682,2,0.4
10:28:51.377,-2.487506,-0.380986,-3.232682,2,0.4
10:28:51.427,-2.487506,-0.380986,-3.232682,2,0.4
10:28:51.478,-2.487506,-0.380986,-3.232682,2,0.4
10:28:51.528,-2.488270,-0.380986,-3.146514,2,0.4
10:28:51.578,-2.488270,-0.380986,-3.146514,2,0.4
10:28:51.628,-2.488270,-0.380986,-3.146514,2,0.4
10:28:51.679,-2.488270,-0.380986,-3.146514,2,0.4
10:28:51.730,-2.488270,-0.380986,-3.146514,2,0.4
10:28:51.780,-2.488270,-0.380986,-3.146514,2,0.4
10:28:51.830,-2.488270,-0.380986,-3.146514,2,0.3
10:28:51.881,-2.488270,-0.380986,-3.146514,2,0.3
10:28:51.931,-2.488270,-0.380986,-3.146514,2,0.3
10:28:51.981,-2.488270,-0.380986,-3.146514,2,0.3
10:28:52.032,-2.488270,-0.380986,-3.146514,2,0.3
10:28:52.082,-2.488270,-0.380986,-3.146514,2,0.3
10:28:52.132,-2.488270,-0.340579,-3.146514,2,0.3
10:28:52.182,-2.488270,-0.340579,-3.146514,2,0.3
10:28:52.233,-2.488270,-0.340579,-3.146514,2,0.3
10:28:52.284,-2.488270,-0.340579,-3.146514,2,0.2
10:28:52.334,-2.488270,-0.340579,-3.146514,2,0.2
10:28:52.385,-2.491862,-0.340579,-3.146514,2,0.2
10:28:52.436,-2.491862,-0.340579,-3.146514,2,0.2
10:28:52.486,-2.491862,-0.340579,-3.146514,2,0.2
10:28:52.536,-2.491862,-0.340579,-3.146514,2,0.2
10:28:52.587,-2.491862,-0.340579,-3.146514,2,0.2
10:28:52.638,-2.491862,-0.340579,-3.146514,2,0.2
10:28:52.688,-2.491862,-0.340579,-3.146514,2,0.2
10:28:52.738,-2.491862,-0.340579,-3.146514,2,0.1
10:28:52.789,-2.491862,-0.340579,-3.146514,2,0.1
10:28:52.839,-2.491862,-0.340579,-3.146514,2,0.1
10:28:52.889,-2.491862,-0.340579,-3.146514,2,0.1
10:28:52.940,-2.491862,-0.340579,-3.146514,2,0.1
10:28:52.990,-2.491862,-0.340579,-3.146514,2,0.1
10:28:53.040,-2.491862,-0.340579,-3.146514,2,0.1
10:28:53.090,-2.491862,-0.340579,-3.146514,2,0.1
10:28:53.140,-2.502023,-0.350359,-3.146514,2,0.0
10:28:53.191,-2.502023,-0.350359,-3.146514,2,0.0
10:28:53.241,-2.502023,-0.350359,-3.146514,2,0.0
10:28:53.292,-2.502023,-0.350359,-3.146514,2,0.0
10:28:53.342,0.012681,-0.350359,-3.146514,2,0.0
10:28:53.392,0.012681,-0.350359,-3.146514,2,0.0
10:28:53.443,0.012681,-0.350359,-3.146514,2,0.0
10:28:53.493,0.012681,-0.350359,-3.146514,2,0.0
10:28:53.543,-2.495364,-0.358918,-3.146514,2,0.0
10:28:53.594,-2.495364,-0.358918,-3.146514,2,0.0
10:28:53.644,-2.495364,-0.358918,-3.146514,2,0.0
10:28:53.695,-2.495364,-0.358918,-3.146514,2,0.0
10:28:53.745,-2.495364,-0.360206,-2.655329,2,0.0
10:28:53.795,-2.495364,-0.360206,-2.655329,2,0.0
10:28:53.846,-2.495364,-0.360206,-2.655329,2,0.0
10:28:53.897,-2.495364,-0.360206,-2.655329,2,0.0
10:28:53.947,-2.495364,-0.355323,-2.610975,2,0.0
10:28:53.997,-2.495364,-0.355323,-2.610975,2,0.0
10:28:54.048,-2.495364,-0.355323,-2.610975,2,-0.1
10:28:54.098,-2.495364,-0.355323,-2.610975,2,-0.1
10:28:54.149,-2.495364,-0.355323,-2.610975,2,-0.1
10:28:54.199,-2.495364,0.015400,-2.610975,2,-0.1
10:28:54.250,-2.495364,0.015400,-2.610975,2,-0.1
10:28:54.300,-2.495364,0.015400,-2.610975,2,-0.1
10:28:54.351,-2.495364,0.015402,-0.005225,2,-0.1
10:28:54.401,-2.495364,0.015402,-0.005225,2,-0.1
10:28:54.451,-2.495364,0.015402,-0.005225,2,-0.1
10:28:54.501,-2.495364,0.015402,-0.005225,2,-0.1
10:28:54.552,-2.495364,-0.343364,-0.005225,2,-0.2
10:28:54.602,-2.495364,-0.343364,-0.005225,2,-0.2
10:28:54.653,-2.495364,-0.343364,-0.005225,2,-0.2
10:28:54.704,-2.495364,0.015414,-0.005225,2,-0.2
10:28:54.754,-2.495364,0.015414,-0.005225,2,-0.2
10:28:54.805,-2.495364,0.015414,-0.005225,2,-0.2
10:28:54.855,-2.495364,0.015414,-0.005225,2,-0.2
10:28:54.905,-2.485227,-0.328729,-0.005225,2,-0.2
10:28:54.955,-2.485227,-0.328729,-0.005225,2,-0.2
10:28:55.006,-2.485227,-0.328729,-0.005225,2,-0.2
10:28:55.056,-2.485227,-0.328729,-0.005225,2,-0.2
10:28:55.107,-2.485227,-0.328729,-0.005225,2,-0.2
10:28:55.157,-2.485227,-0.328729,-0.005225,2,-0.2
10:28:55.207,0.012649,0.015427,-0.005196,2,-0.3
10:28:55.258,0.012649,0.015427,-0.005196,2,-0.3
10:28:55.308,0.012652,0.015427,-0.005196,2,-0.3
10:28:55.359,0.012652,0.015427,-0.005196,2,-0.3
10:28:55.409,0.012652,0.015427,-0.005196,2,-0.3
10:28:55.460,0.012652,0.015427,-0.005196,2,-0.4
10:28:55.510,-2.466420,-0.295498,-2.289745,2,-0.4
10:28:55.561,-2.466420,-0.295498,-2.289745,2,-0.4
10:28:55.611,-2.466420,-0.295498,-2.289745,2,-0.4
10:28:55.662,-2.466420,-0.295498,-2.289745,2,-0.4
10:28:55.712,0.012564,-0.295498,-0.005427,2,-0.4
10:28:55.762,0.012564,-0.295498,-0.005427,2,-0.4
10:28:55.813,0.012564,-0.295498,-0.005427,2,-0.4
10:28:55.863,0.012564,-0.295498,-0.005427,2,-0.4
10:28:55.914,-2.458966,-0.295498,-0.005427,2,-0.4
10:28:55.964,-2.458966,-0.295498,-0.005427,2,-0.4
10:28:56.015,-2.458966,-0.295498,-0.005427,2,-0.4
10:28:56.065,-2.458966,-0.295498,-0.005427,2,-0.4
10:28:56.115,-2.458966,-0.263866,-0.005427,2,-0.4
10:28:56.165,-2.458966,-0.263866,-0.005427,2,-0.4
10:28:56.216,-2.458966,-0.263866,-0.005427,2,-0.4
10:28:56.266,-2.458966,-0.263866,-0.005427,2,-0.4
10:28:56.316,-2.451971,-0.252292,-2.283139,2,-0.4
10:28:56.366,-2.451971,-0.252292,-2.283139,2,-0.4
10:28:56.417,-2.451971,-0.252292,-2.283139,2,-0.4
10:28:56.467,-2.451971,-0.252292,-2.283139,2,-0.4
10:28:56.518,-2.451971,-0.252292,-2.283139,2,-0.4
10:28:56.568,-2.447932,-0.241072,-2.294047,2,-0.4
10:28:56.618,-2.447932,-0.241072,-2.294047,2,-0.4
10:28:56.670,-2.447932,-0.241072,-2.294047,2,-0.4
10:28:56.721,-2.447932,-0.241072,-2.294047,2,-0.4
10:28:56.772,-2.447932,-0.241072,-2.294047,2,-0.4
10:28:56.822,-2.447932,-0.241072,-2.294047,2,-0.4
10:28:56.874,-2.447932,-0.241072,-2.294047,2,-0.4
10:28:56.924,-2.447932,-0.241072,-2.294047,2,-0.4
10:28:56.975,-2.447932,-0.241072,-2.294047,2,-0.4
10:28:57.026,-2.447932,-0.241072,-2.294047,2,-0.4
10:28:57.078,-2.447932,-0.241072,-2.294047,2,-0.4
10:28:57.131,-2.447932,-0.241072,-2.294047,2,-0.4
10:28:57.182,-2.447932,-0.241072,-2.294047,2,-0.4
10:28:57.233,-2.447932,-0.241072,-2.294047,2,-0.4
10:28:57.284,-2.447932,-0.241072,-2.294047,2,-0.4
10:28:57.334,-2.447932,-0.241072,-2.294047,2,-0.4
10:28:57.385,-2.447932,-0.241072,-2.294047,2,-0.4
10:28:57.438,-2.447932,-0.241072,-2.294047,2,-0.4
10:28:57.492,-2.447932,-0.241072,-2.294047,2,-0.4
10:28:57.543,-2.447932,-0.241072,-2.294047,2,-0.4
10:28:57.593,-2.447932,-0.241072,-2.294047,2,-0.4
10:28:57.644,-2.447932,-0.241072,-2.294047,2,-0.4
10:28:57.697,-2.447932,-0.241072,-2.294047,2,-0.4
10:28:57.748,-2.447932,-0.241072,-2.294047,2,-0.4
10:28:57.803,-2.447932,-0.241072,-2.294047,2,-0.4
10:28:57.853,-2.447932,-0.241072,-2.294047,2,-0.4
10:28:57.920,-2.447932,-0.241072,-2.294047,2,-0.4
10:28:57.970,-2.447932,-0.241072,-2.294047,2,-0.4
10:28:58.021,-2.447932,-0.224945,-2.311101,2,-0.4
10:28:58.072,-2.435566,-0.219927,-2.312073,2,-0.4
10:28:58.122,-2.435566,-0.219927,-2.312073,2,-0.4
10:28:58.173,-2.431343,-0.219927,-2.313006,2,-0.4
10:28:58.224,-2.431343,-0.219927,-2.313006,2,-0.4
10:28:58.274,-2.431343,-0.219927,-2.313006,2,-0.4
10:28:58.325,-2.430610,-0.219927,-2.313006,2,-0.4
10:28:58.377,-2.430610,-0.219927,-2.313006,2,-0.4
10:28:58.428,-2.430610,-0.219927,-2.313006,2,-0.4
10:28:58.479,-2.430610,-0.219927,-2.313006,2,-0.4
10:28:58.530,-2.430610,-0.219927,-2.318099,2,-0.4
10:28:58.580,-2.430610,-0.219927,-2.318099,2,-0.4
10:28:58.630,-2.430610,-0.219927,-2.318099,2,-0.3
10:28:58.680,-2.430610,-0.219927,-2.318099,2,-0.3
10:28:58.731,-2.429106,-0.225385,-2.323443,2,-0.3
10:28:58.781,-2.429106,-0.225385,-2.323443,2,-0.3
10:28:58.831,-2.429106,-0.225385,-2.323443,2,-0.3
10:28:58.882,-2.429106,-0.225385,-2.323443,2,-0.3
10:28:58.932,-2.429106,-0.225385,-2.328711,2,-0.3
10:28:58.982,-2.429106,-0.225385,-2.328711,2,-0.3
10:28:59.032,-2.429106,-0.225385,-2.328711,2,-0.3
10:28:59.083,-2.429106,-0.225385,-2.328711,2,-0.3
10:28:59.133,-2.431669,-0.222461,-2.328711,2,-0.3
10:28:59.183,-2.431669,-0.222461,-2.328711,2,-0.3
10:28:59.233,-2.431669,-0.222461,-2.328711,2,-0.3
10:28:59.284,-2.431669,-0.222461,-2.328711,2,-0.3
10:28:59.334,-2.431372,-0.222461,-2.328711,2,-0.3
10:28:59.384,-2.431372,-0.222461,-2.328711,2,-0.3
10:28:59.434,-2.431372,-0.222461,-2.328711,2,-0.3
10:28:59.485,-2.431372,-0.222461,-2.328711,2,-0.3
10:28:59.535,-2.431372,-0.225465,-2.328711,2,-0.3
10:28:59.585,-2.431372,-0.225465,-2.328711,2,-0.3
10:28:59.636,-2.431372,-0.225465,-2.328711,2,-0.3
10:28:59.687,-2.431372,-0.225465,-2.328711,2,-0.3
10:28:59.737,-2.431372,-0.225465,-2.328711,2,-0.4
10:28:59.788,-2.431372,-0.225465,-2.328711,2,-0.4
10:28:59.839,-2.431372,-0.225465,-2.328711,2,-0.4
10:28:59.889,-2.431372,-0.225465,-2.328711,2,-0.4
10:28:59.940,-2.433824,-0.223689,-2.328711,2,-0.4
10:28:59.990,-2.433824,-0.223689,-2.328711,2,-0.4
10:29:00.040,-2.433824,-0.223689,-2.328711,2,-0.5
10:29:00.091,-2.433824,-0.223689,-2.328711,2,-0.5
10:29:00.141,-2.433824,-0.223689,-2.188519,2,-0.5
10:29:00.191,-2.433824,-0.223689,-2.188519,2,-0.5
10:29:00.242,-2.433824,-0.223689,-2.188519,2,-0.5
10:29:00.293,-2.433824,-0.223689,-2.188519,2,-0.5
10:29:00.343,-2.434547,-0.223689,-2.188519,2,-0.6
10:29:00.393,-2.434547,-0.223689,-2.188519,2,-0.6
10:29:00.443,-2.434547,-0.223689,-2.188519,2,-0.6
10:29:00.494,-2.434547,-0.220721,-2.188519,2,-0.6
10:29:00.544,-2.434547,-0.220721,-2.188519,2,-0.6
10:29:00.594,-2.434547,-0.220721,-2.188519,2,-0.6
10:29:00.644,-2.434547,-0.220721,-2.188519,2,-0.6
10:29:00.695,0.013115,0.015666,-0.002753,2,-0.6
10:29:00.745,0.013115,0.015666,-0.002753,2,0.0
10:29:00.795,0.013115,0.015666,-0.002753,4,0.0
10:29:00.845,0.013115,0.015666,-0.002753,4,0.0
10:29:00.895,0.013115,0.015666,-0.002753,4,0.0
10:29:00.946,0.013115,0.015666,-0.005269,4,0.0
10:29:00.996,0.013115,0.015666,-0.005269,4,0.0
10:29:01.046,0.013115,0.015666,-0.005269,4,0.0
10:29:01.097,0.013115,0.015666,-0.005269,4,0.0
10:29:01.147,0.013046,0.015068,-0.005269,4,0.0
10:29:01.197,0.013046,0.015068,-0.005269,4,0.0
10:29:01.248,0.013046,0.015068,-0.005269,4,0.0
10:29:01.298,0.013046,0.015068,-0.005269,4,0.0
10:29:01.349,0.013046,0.015068,-0.005269,4,0.0
10:29:01.399,0.013046,0.015068,-0.005269,4,0.0
10:29:01.449,0.013046,0.015068,-0.005269,4,0.0
10:29:01.499,0.013046,0.015068,-0.005269,4,0.0
10:29:01.550,0.013054,0.015073,-0.005269,4,0.0
10:29:01.600,0.013054,0.015073,-0.005269,4,0.0
10:29:01.650,0.013054,0.015073,-0.005269,4,0.0
10:29:01.701,0.013054,0.015073,-0.005269,4,0.0
10:29:01.751,0.013061,0.015073,-0.005212,4,0.0
10:29:01.802,0.013061,0.015073,-0.005212,4,0.0
10:29:01.852,0.013061,0.015073,-0.005212,4,0.0
10:29:01.903,0.013061,0.015073,-0.005212,4,0.0
10:29:01.953,0.013061,0.015076,-0.005212,4,0.0
10:29:02.003,0.013061,0.015076,-0.005212,4,0.0
10:29:02.053,0.013061,0.015076,-0.005212,4,0.0
10:29:02.104,0.013061,0.015076,-0.005212,4,0.0
10:29:02.154,0.013061,0.015076,-0.005212,4,0.0
10:29:02.205,0.013061,0.015076,-0.005212,4,0.0
10:29:02.255,0.013061,0.015076,-0.005212,4,0.0
10:29:02.306,0.013061,0.015076,-0.005212,4,0.0
10:29:02.356,0.013061,0.015076,-0.005212,4,0.0
10:29:02.406,0.013061,0.015076,-0.005212,4,0.0
10:29:02.457,0.013061,0.015076,-0.005212,4,0.0
10:29:02.508,0.013061,0.015076,-0.005212,4,0.0
10:29:02.558,0.013066,0.015076,-0.005212,4,0.0
10:29:02.609,0.013066,0.015076,-0.005212,4,0.0
10:29:02.659,0.013066,0.015076,-0.005212,4,0.0
10:29:02.710,0.013066,0.015076,-0.005212,4,0.0
10:29:02.760,0.013066,0.015076,-0.005173,4,0.0
10:29:02.812,0.013066,0.015076,-0.005173,4,0.0
10:29:02.862,0.013066,0.015076,-0.005173,4,0.0
10:29:02.912,0.013058,0.015076,-0.005168,4,0.0
10:29:02.962,0.013058,0.015076,-0.005168,4,0.0
10:29:03.013,0.013058,0.015076,-0.005168,4,0.0
10:29:03.064,0.013058,0.015076,-0.005168,4,0.0
10:29:03.114,0.013058,0.015076,-0.005161,4,0.0
10:29:03.164,0.013058,0.015076,-0.005161,4,0.0
10:29:03.215,0.013058,0.015076,-0.005161,4,0.0
10:29:03.266,0.013058,0.015076,-0.005161,4,0.0
10:29:03.316,0.013051,0.015076,-0.005161,4,0.0
10:29:03.366,0.013051,0.015076,-0.005161,4,0.0
10:29:03.417,0.013051,0.015076,-0.005161,4,0.0
10:29:03.467,0.013051,0.015076,-0.005161,4,0.0
10:29:03.517,0.013047,0.015076,-0.005161,4,0.0
10:29:03.568,0.013047,0.015076,-0.005161,4,0.0
10:29:03.618,0.013047,0.015076,-0.005161,4,0.0
10:29:03.668,0.013047,0.015076,-0.005161,4,0.0
10:29:03.719,0.013047,0.015076,-0.005161,4,0.0
10:29:03.770,0.013047,0.015076,-0.005161,4,0.0
10:29:03.820,0.013047,0.015076,-0.005161,4,0.0
10:29:03.871,0.013047,0.015076,-0.005161,4,0.0
10:29:03.921,0.013047,0.015120,-0.005161,4,0.0
10:29:03.972,0.013047,0.015120,-0.005161,4,0.0
10:29:04.022,0.013047,0.015120,-0.005161,4,0.0
10:29:04.072,0.013047,0.015120,-0.005161,4,0.0
10:29:04.122,0.013047,0.015120,-0.005131,4,0.0
10:29:04.173,0.013047,0.015120,-0.005131,4,0.0
10:29:04.223,0.013047,0.015120,-0.005131,4,0.0
10:29:04.273,0.013047,0.015120,-0.005131,4,0.0
10:29:04.323,0.013031,0.015130,-0.005128,4,0.0
10:29:04.374,0.013031,0.015130,-0.005128,4,0.0
10:29:04.424,0.013031,0.015130,-0.005128,4,0.0
10:29:04.475,0.013031,0.015130,-0.005128,4,0.0
10:29:04.526,0.013027,0.015135,-0.005128,4,0.0
10:29:04.576,0.013027,0.015135,-0.005128,4,0.0
10:29:04.626,0.013027,0.015135,-0.005128,4,0.0
10:29:04.677,0.013027,0.015135,-0.005128,4,0.0
10:29:04.727,0.013027,0.015142,-0.005116,4,0.0
10:29:04.777,0.013027,0.015142,-0.005116,4,0.0
